J2000	z_emission	z_absorption	delta_alpha	error_delta_alpha	extra_error_delta_alpha	dipole_delta_alpha	dipole_angle	sample	source	sigflag	imrotator	transitions
J000149-015940	2.31	2.0951	0.34	7.27	18.885385884328652	-2.377814703448261	93.5334	B1	Keck	2	0	d g h i j k l s t u v w
J000149-015940	2.31	2.1539	36.05	39.54	39.54	-2.377814703448261	93.5334	B1	Keck	1	0	d f g l
J000322-260316	4.11	1.4342	-12.53	11.67	11.67	1.1154610025051963	72.6324	C	Keck	1	1	b c p r
J000322-260316	4.11	3.3897	-78.43	35.48	35.48	1.1154610025051963	72.6324	C	Keck	1	1	d g l m
J000520+052410	1.9	0.59137	-31.05	24.33	24.33	-3.5388613538918703	100.447	C	Keck	1	0	b c n p q r
J000520+052410	1.9	0.8511799999999999	-3.4	12.84	12.84	-3.5388613538918703	100.447	A	Keck	1	1	b c n o p q r
J000520+052410	1.9	0.85119	4.75	10.22	10.22	-3.5388613538918703	100.447	C	Keck	1	0	e f n o p q r
J002208-150538	4.53	3.4388	9.37	39.12	39.12	-0.8248533119583319	84.349	B1	Keck	1	0	g h l
J005757-264314	3.66	1.2679	20.57	25.21	25.21	0.26030166583287256	77.8577	C	Keck	1	1	a b c p q r
J005757-264314	3.66	1.3192	-25.87	24.1	24.1	0.26030166583287256	77.8577	C	Keck	1	1	b c p q r
J005757-264314	3.66	1.5337	-13.45	11.56	11.56	0.26030166583287256	77.8577	C	Keck	1	1	a b c n o p q r
J010054+021136	1.96	0.61256	3.72	11.91	11.91	-4.144379162180758	104.108	C	Keck	1	0	b c n o p q r
J010054+021136	1.96	0.7250800000000001	-26.34	35.23	35.23	-4.144379162180758	104.108	C	Keck	1	0	b c n p q r
J010311+131617	2.68	2.3095	-39.49	13.7	22.169684255757904	-5.755172464594922	114.193	B1	Keck	2	1	e f g j k l m v w
J012017+213346	1.49	0.7291300000000001	0.41	12.97	12.97	-7.122348291725321	123.419	A	Keck	1	1	a b c q r
J012017+213346	1.49	1.0479	-2.02	21.99	21.99	-7.122348291725321	123.419	A	Keck	1	1	b c n p r
J012017+213346	1.49	1.3246	7.03	8.04	8.04	-7.122348291725321	123.419	A	Keck	1	1	b c p q r
J012017+213346	1.49	1.3428	-12.9	9.49	9.49	-7.122348291725321	123.419	A	Keck	1	1	c n p q
J012227-042127	1.95	0.65741	71.23	46.08	46.08	-3.558337063129944	100.564	C	Keck	1	1	b c n o p q r
J015234+335033	2.43	2.1408	-54.18	21.6	27.755448113838842	-8.943815851914485	137.607	B1	Keck	2	0	d e f g h i j k l m s t u
J015734+744243	2.33	0.7455	-20.56	7.45	7.45	-10.758832262650994	157.767	C	Keck	1	0	b c n p q r
J020455+364917	2.49	1.4761	-6.58	12.16	12.16	-9.370245107636704	141.49	B1	Keck	1	1	c n o q r
J020455+364917	2.49	1.955	19.92	10.48	20.338025961238223	-9.370245107636704	141.49	B1	Keck	2	1	e h i l
J020455+364917	2.49	2.324	0.17	16.4	16.4	-9.370245107636704	141.49	B1	Keck	1	1	d e g h l
J020455+364917	2.49	2.4563	-58.53	25.97	25.97	-9.370245107636704	141.49	B1	Keck	1	1	d g l
J020455+364917	2.49	2.4628	5.76	17.29	24.550947028577127	-9.370245107636704	141.49	B1	Keck	2	1	g h i l t u
J020944+051714	4.19	3.6663	-5.99	35.03	35.03	-5.751311395815351	114.168	C	Keck	1	0	d g l
J021857+081727	2.99	1.768	0.46	12.35	12.35	-6.307544178707094	117.824	C	Keck	1	1	e f l n o p q r
J024008-230915	2.23	1.365	-2.22	5.23	5.23	-1.78209928200791	90.0124	C	Keck	1	0	d e g h l n o p
J024401-013402	4.04	2.0994	-8.13	26.21	26.21	-5.227069611004871	110.816	C	Keck	1	1	d n o p
J025518+004847	3.97	3.2534	-24.94	30.66	35.26812300080627	-5.720086288252785	113.966	B2	Keck	2	0	d g h l m s t
J030450-221157	1.41	1.0092	-1.93	10.09	10.09	-2.214101610091432	92.565	C	Keck	1	0	a b c n o p q r
J034943-381031	3.23	3.0247	-28.35	34.22	34.22	0.037615381301085556	79.1999	B1	Keck	1	0	g l
J042315-012033	0.915	0.63308	42.82	40.88	40.88	-6.149129335345709	116.771	A	Keck	1	1	a b c r
J045142-132032	3.09	1.2667	-12.68	14.62	14.62	-4.367807188817893	105.473	C	Keck	1	1	a b c n o p q
J045312-130546	2.25	1.1743	-30.33	10.93	10.93	-4.411179967214713	105.739	A	Keck	1	1	b n o p r
J045312-130546	2.25	1.2294	-14.72	8.18	8.18	-4.411179967214713	105.739	A	Keck	1	1	b c n p q r
J045312-130546	2.25	1.2324	9.81	27.57	27.57	-4.411179967214713	105.739	A	Keck	1	1	b c p
J045647+040052	1.34	0.85929	5.78	12.05	12.05	-7.044953662718074	122.873	A	Keck	1	1	a c n o p r q
J045647+040052	1.34	1.1534	-7.43	17.87	17.87	-7.044953662718074	122.873	A	Keck	1	1	b c n q r
J053007-250329	2.77	0.9439799999999999	7.58	23.37	23.37	-2.4408799777222514	93.9067	C	Keck	1	1	b c r
J053007-250329	2.77	2.1406	-8.65	8.67	19.46724942050109	-2.4408799777222514	93.9067	C	Keck	2	1	d g h i j k l n p s t u
J053007-250329	2.77	2.8114	9.19	8.63	19.44946785904437	-2.4408799777222514	93.9067	C	Keck	2	1	d e f g i j k l m s t u v w
J064204+675835	3.17	1.2938	-13.93	6.24	6.24	-11.290865898558762	168.667	C	Keck	1	1	b c p q r
J074521+473436	3.21	1.6111	-24.89	20.22	20.22	-10.581602986097122	155.146	B2	Keck	1	0	a b c n p q
J074521+473436	3.21	1.6112	-12.98	17.27	17.27	-10.581602986097122	155.146	C	Keck	1	0	a b c n p q
J074521+473436	3.21	3.0173	12.26	27.82	32.82921412400851	-10.581602986097122	155.146	B2	Keck	2	0	d e g h l m s t
J074521+473436	3.21	3.0173099999999997	8.22	21.96	21.96	-10.581602986097122	155.146	C	Keck	1	0	d g h l
J080117+521034	3.24	2.6021	-16.29	22.72	22.72	-10.663695502561309	156.326	C	Keck	1	0	d e f l
J080117+521034	3.24	2.8677	-18.78	39.77	39.77	-10.663695502561309	156.326	C	Keck	1	0	d g l
J082601-223027	0.91	0.91059	-3.91	6.09	6.09	-1.495029614249517	88.3165	A	Keck	1	1	b c n p q r
J083943+104321	2.7	2.4673	69.73	43.95	43.95	-6.301853680366202	117.786	B2	Keck	1	0	g l m
J084424+124548	2.55	1.0981	-35.7	12.2	12.2	-6.503221248303836	119.139	C	Keck	1	0	b n o p r
J084424+124548	2.55	1.1314	5.61	7.89	7.89	-6.503221248303836	119.139	C	Keck	1	0	a b c n p q r
J084424+124548	2.55	1.2189	-5.21	5.42	5.42	-6.503221248303836	119.139	C	Keck	1	0	a b c n o p q r v w
J084424+124548	2.55	2.3742	14.11	11.64	20.959353520564513	-6.503221248303836	119.139	B1	Keck	2	0	d e g h i j k n q r t u v w
J084424+124548	2.55	2.3742099999999997	22.65	38.27	42.05232217131416	-6.503221248303836	119.139	C	Keck	2	0	d g h i j t u v w
J084424+124548	2.55	2.4761	-46.64	19.73	26.326370809513413	-6.503221248303836	119.139	B1	Keck	2	0	d g h i j k l m t u
J093337+284532	3.42	3.2351	8.55	18.24	18.24	-7.675176274007774	127.427	C	Keck	1	0	d g l
J094253-110425	3.05	1.0598	-7.51	16.43	16.43	-2.0113731081095816	91.3668	C	Keck	1	0	a b c n p q r
J095500-013006	4.43	2.6238	21.41	73.58	73.58	-3.223210799979856	98.5565	B2	Keck	1	0	e f i
J095744+330820	4.25	4.1798	12.37	39.33	39.33	-7.768977593315345	128.128	B2	Keck	1	0	d g l
J095852+120245	3.31	2.3103	-22.45	64.39	64.39	-5.107138794409577	110.06	C	Keck	1	0	d e f l
J101155+294141	2.62	1.1117	-54.59	25.08	25.08	-7.144372241406694	123.575	C	Keck	1	1	b c n p q r
J101447+430030	3.1	1.4162	-9.04	5.6	5.6	-8.503435553533922	133.879	C	Keck	1	1	b c n o p q r
J101447+430030	3.1	2.9587	18.61	19.48	26.139535190970783	-8.503435553533922	133.879	C	Keck	2	0	d e g h l m s u
J105756+455553	4.12	3.3172	27.47	60.67	60.67	-8.161641368843608	131.14	C	Keck	1	1	d g l
J111038+483115	2.97	0.80757	12.15	12.21	12.21	-8.236146619610475	131.727	C	Keck	1	1	a b c p q
J111038+483115	2.97	0.86182	-20.24	16.36	16.36	-8.236146619610475	131.727	C	Keck	1	1	a b c q r
J111038+483115	2.97	1.0158	-20.98	9.37	9.37	-8.236146619610475	131.727	C	Keck	1	1	a b c p
J111113-080402	3.92	1.9746	2.86	23.26	23.26	-0.7272225544864553	83.7692	B2	Keck	1	0	b c n p r
J111113-080402	3.92	3.6061	-4.2	44.02	44.02	-0.7272225544864553	83.7692	B2	Keck	1	0	d g h l m
J113508+222715	2.88	2.1053	43.61	39.76	39.76	-4.695716003912819	107.493	C	Keck	1	0	d e f g l
J115129+382552	1.3	0.5533899999999999	-18.37	17.16	17.16	-6.5169670124383074	119.232	A	Keck	1	1	b c q r
J120523-074232	4.7	1.7549	-14.65	21.78	21.78	0.3146542224350826	77.5291	C	Keck	1	1	b c q r
J120858+454035	1.16	0.9274100000000001	-2.18	13.9	13.9	-7.12460898377911	123.435	C	Keck	1	1	b c n o p q r
J120858+454035	1.16	0.92742	-2.8	7.77	7.77	-7.12460898377911	123.435	A	Keck	1	1	a b c n o p q r
J121303+171423	2.54	0.69404	-19.2	39.16	39.16	-3.225855864139706	98.5723	B2	Keck	1	0	b c p q r
J121303+171423	2.54	0.8414200000000001	5.79	8.04	8.04	-3.225855864139706	98.5723	B2	Keck	1	0	b c n o p q r
J121303+171423	2.54	1.8918	-4.45	9.03	19.63022669252701	-3.225855864139706	98.5723	B2	Keck	2	0	e f g h i j k l m s t u v w
J121549-003432	2.69	1.3196	-7.25	7.61	7.61	-0.5210298477198496	82.5425	A	Keck	1	1	a b c n o p q r
J121549-003432	2.69	1.5541	-18.7	8.78	8.78	-0.5210298477198496	82.5425	A	Keck	1	1	b c n o p q r
J121732+330538	2.61	1.999	54.98	31.78	36.24601081498487	-5.400337564515673	111.915	B1	Keck	2	1	d e f g h i j l m t u v w
J122527+223512	2.05	0.66802	0.75	14.75	14.75	-3.7790209734015203	101.893	A	Keck	1	1	b c n p r
J122607+173649	2.94	2.4653	-13.06	16.56	16.56	-3.034521597300542	97.431	C	Keck	1	0	f g h i j k m s u v w
J122607+173649	2.92	2.4653099999999997	16.54	19.08	25.842819118664277	-3.034521597300542	97.431	B2	Keck	2	0	h i j k m s u v w
J122607+173649	2.94	2.5577	-2.53	35.03	35.03	-3.034521597300542	97.431	C	Keck	1	0	d e f g l
J122607+173649	2.92	2.5577099999999997	4.19	11.98	11.98	-3.034521597300542	97.431	B2	Keck	1	0	d g l n p
J122824+312837	2.22	1.7954	-12.95	10.5	10.5	-4.997171996611568	109.37	C	Keck	1	1	a b c n o p r
J122824+312837	2.22	1.79541	6.48	14.15	14.15	-4.997171996611568	109.37	A	Keck	1	1	d e f g h l
J124714+312641	2.95	0.8504799999999999	-69.0	70.23	70.23	-4.682795759749253	107.413	C	Keck	1	0	b c p r
J124714+312641	2.95	2.7504	24.85	47.88	47.88	-4.682795759749253	107.413	C	Keck	1	0	d g l
J125048+395139	1.03	0.7729199999999999	22.28	11.79	11.79	-5.795436689934485	114.454	A	Keck	1	1	b c n o p q r
J125048+395139	1.03	0.8545200000000001	-0.21	12.7	12.7	-5.795436689934485	114.454	A	Keck	1	1	b c n p q r
J125659+042734	1.02	0.5193399999999999	-33.65	32.56	32.56	-0.47709610611750985	82.2807	A	Keck	1	1	a b c q r
J125659+042734	1.02	0.9342600000000001	18.77	17.96	17.96	-0.47709610611750985	82.2807	A	Keck	1	1	b c n p q r
J131011+460124	2.13	0.22909000000000002	25.49	53.95	53.95	-6.349860603366002	118.107	C	Keck	1	0	a b c r
J131956+272808	1.01	0.66004	4.44	15.05	15.05	-3.5766407971939924	100.674	A	Keck	1	0	b c n p q r
J134002+110630	2.97	2.7955	41.09	94.98	94.98	-0.7343081358763592	83.8113	C	Keck	1	0	d h l
J142326+325220	1.91	0.84324	1.02	8.46	8.46	-3.526539592454333	100.373	A	Keck	1	1	b c n o p q r
J142326+325220	1.91	0.9030100000000001	-9.99	17.83	17.83	-3.526539592454333	100.373	A	Keck	1	1	b c n o p q r
J142326+325220	1.91	1.1726	-32.04	15.46	15.46	-3.526539592454333	100.373	A	Keck	1	1	b c n p r
J142656+602550	3.2	2.7698	-6.88	18.66	18.66	-7.455187877027783	125.808	C	Keck	1	1	d g l
J142656+602550	3.2	2.8268	3.19	9.29	9.29	-7.455187877027783	125.808	C	Keck	1	1	d g l
J143912+295448	3.0	1.2259	2.8	14.33	14.33	-2.8745891824447587	96.4793	C	Keck	1	0	a b c n o p q r
J144453+291905	2.76	2.4389	-9.39	17.12	17.12	-2.715399529787948	95.5338	C	Keck	1	1	d g l
J155152+191104	2.83	1.1425	-0.92	6.63	6.63	-0.4363751259831173	82.0379	C	Keck	1	0	c f n p q r
J155152+191104	2.83	1.3422	-8.53	11.69	11.69	-0.4363751259831173	82.0379	C	Keck	1	0	n o p q
J155152+191104	2.83	1.8024	-20.01	12.67	12.67	-0.4363751259831173	82.0379	C	Keck	1	0	d e f
J162645+642655	2.32	0.58596	-19.77	45.3	45.3	-7.456286196038862	125.816	C	Keck	1	1	b c r
J162645+642655	2.32	2.1102	-1.64	11.68	11.68	-7.456286196038862	125.816	C	Keck	1	1	d e f g l
J163429+703132	1.34	0.9901	-22.02	12.93	12.93	-8.238799545815553	131.748	C	Keck	1	1	a b c d n o p q r
J163429+703132	1.34	0.99011	11.56	23.99	23.99	-8.238799545815553	131.748	A	Keck	1	1	b c n p q r
J175746+753916	3.05	2.6253	-5.91	17.73	24.86277941019467	-8.85157511770545	136.805	B1	Keck	2	1	d g l m s t u
J175746+753916	3.05	2.62531	-7.51	13.88	22.281366654673587	-8.85157511770545	136.805	B1	Keck	2	0	e g h k l m s t u
J185230+401906	2.12	1.99	-15.62	8.99	19.611858657455187	-3.9842884617773118	103.135	C	Keck	2	1	g h i j k l m n o p q r v w
J194454+770552	3.02	1.7385	-1.94	18.61	18.61	-9.20801871907265	139.976	C	Keck	1	1	e f h i j m n t u
J214805+065738	1.0	0.7902600000000001	0.88	5.9	5.9	-1.0233181228814643	85.5259	C	Keck	1	1	b c n o p q r
J220852-194359	2.56	0.9484100000000001	-36.64	18.57	18.57	2.399563480908958	64.4764	B1	Keck	1	1	b c n p q r
J220852-194359	2.56	1.0172	-3.18	7.34	7.34	2.399563480908958	64.4764	B1	Keck	1	1	a b c n o p q r
J220852-194359	2.56	1.9204	13.99	7.03	18.79430232809933	2.399563480908958	64.4764	B1	Keck	2	1	d g h i j k l m s t u v w
J223235+024755	2.15	1.8585	-54.8	11.74	21.0150541279341	-1.2695009556196895	86.9832	B1	Keck	2	0	d g h j l n p s t u
J223235+024755	2.15	1.864	-10.12	4.92	18.11108224264911	-1.2695009556196895	86.9832	B1	Keck	2	0	g h i j k l m n o s t u v w
J223408+000001	3.02	1.2128	13.26	14.9	14.9	-0.8854213257847376	84.7084	C	Keck	1	1	a b c o p q r
J223408+000001	3.02	2.0653	-26.14	10.17	20.180034687779898	-0.8854213257847376	84.7084	C	Keck	2	1	g h j k l m t u v w
J223408+000001	3.02	2.0653099999999998	17.17	12.49	21.44306414671187	-0.8854213257847376	84.7084	B1	Keck	2	1	e f g h i j k l m s t u v w
J223408+000001	3.02	2.6532	-33.1	19.38	26.065097352590108	-0.8854213257847376	84.7084	C	Keck	2	0	d g l s t u
J223619+132620	3.3	2.548	10.15	61.86	61.86	-2.9243997902192356	96.7755	C	Keck	1	1	d g l
J223619+132620	3.3	2.5548	-18.51	65.72	65.72	-2.9243997902192356	96.7755	C	Keck	1	1	d e f g l
J223619+132620	3.3	3.1513	-41.11	34.41	34.41	-2.9243997902192356	96.7755	C	Keck	1	1	d g l
J234628+124859	2.52	0.73117	-12.11	9.76	9.76	-4.229987345535298	104.63	C	Keck	1	0	a b c o q r
J234628+124859	2.52	1.5899	4.49	11.63	11.63	-4.229987345535298	104.63	C	Keck	1	0	a c d e f g q r
J234628+124859	2.52	2.1711	-9.44	12.04	12.04	-4.229987345535298	104.63	C	Keck	1	0	c d e f n p
J234628+124859	2.52	2.43	-13.22	3.79	17.83729239542818	-4.229987345535298	104.63	C	Keck	2	0	d g i j k l n q r s t u v w
J234646+124527	2.77	1.0465	-7.5	15.14	15.14	-4.227693962770605	104.616	C	Keck	1	1	a b c i n o p q r
J234646+124527	2.77	1.1161	0.05	19.64	19.64	-4.227693962770605	104.616	C	Keck	1	1	a b c o p q r
J234646+124527	2.77	2.5378	-38.56	22.77	22.77	-4.227693962770605	104.616	C	Keck	1	1	d g l
J235057-005209	3.01	2.4264	-48.79	34.85	34.85	-2.325018254220263	93.221	B2	Keck	1	0	d e g h l
J235057-005209	3.01	2.6147	-6.97	38.01	41.81584627865374	-2.325018254220263	93.221	B2	Keck	2	0	d g l s t u
J235129-142748	2.94	2.2794	13.66	41.61	41.61	-0.3240001642730677	81.3671	B1	Keck	1	0	g h l
J000344-232355	2.28	0.4521	-4.59	7.87	11.993306466525402	0.7336025826407795	74.9813	D	VLT	3	0	a2 b1 b2 j4 j5 j6 j7 j8
J000344-232355	2.28	0.9491	-15.34	27.88	29.31206065768833	0.7336025826407795	74.9813	D	VLT	3	0	a2 b1 b2 j4 j6 j8
J000344-232355	2.28	1.5864	-4.1	10.03	13.509381925165933	0.7336025826407795	74.9813	D	VLT	3	0	a2 j1 j4 j5 j6 j7 j8 c1 e1
J000448-415728	2.76	1.9886	2.66	19.45	21.452389144335417	3.182961647218998	59.2265	D	VLT	3	0	j4 j6 j7 j8 c1 d1 d2
J000448-415728	2.76	2.1679	13.81	9.44	13.077312415018614	3.182961647218998	59.2265	D	VLT	3	0	b1 j1 j4 j5 j6 c1 e1
J001210-012207	1.999	1.203	7.72	11.9	14.950334444419632	-2.6781861259950004	95.313	D	VLT	3	0	b1 b2 j4 j6 j7 j8 c1
J001602-001225	2.0869999999999997	0.6351	-6.73	35.45	36.58695122581273	-2.9274594177093385	96.7937	D	VLT	3	0	b1 b2 j4 j6 j8
J001602-001225	2.0869999999999997	0.6363	-15.61	39.14	40.17265363403319	-2.9274594177093385	96.7937	D	VLT	3	0	b1 b2 j4 j6 j8
J001602-001225	2.0869999999999997	0.8575	12.66	18.26	20.379649162829082	-2.9274594177093385	96.7937	D	VLT	3	0	b1 b2 j7 j8
J001602-001225	2.0869999999999997	1.1468	-15.81	29.22	30.589391952113072	-2.9274594177093385	96.7937	D	VLT	3	0	b1 b2 j6 j8
J001602-001225	2.0869999999999997	2.0292	-9.09	9.34	13.005310453810782	-2.9274594177093385	96.7937	D	VLT	3	0	a2 j1 j4 j6 j7 j8 d1 d2 e1
J004131-493611	3.24	2.1095	3.86	28.56	29.959574429554234	3.5948478827370622	56.3507	D	VLT	3	0	b1 b2 j7 j8 c1 d1 d2
J004131-493611	3.24	2.2485	-12.3	6.72	11.272129346312523	3.5948478827370622	56.3507	D	VLT	3	0	j1 j2 j3 j6 j7 j8 c1 d1 d2 e2 h1 h2 h3 l1 l2 k1 i1 i2
J005758-264314	3.655	1.2679	10.76	19.31	21.32553868018344	0.26002029884833927	77.8594	D	VLT	3	0	a2 b1 b2 j6 j7 j8
J005758-264314	3.655	1.5336	-4.56	9.03	12.784498425828055	0.26002029884833927	77.8594	D	VLT	3	0	b2 j3 j4 j5 j6 j7 h1 i1 i2
J010311+131617	2.681	1.7975	4.43	5.48	10.579834592279788	-5.755172464594922	114.193	D	VLT	3	0	a2 j1 j4 j5 j6 e2
J010311+131617	2.681	2.3092	-0.82	5.63	10.658301928543779	-5.755172464594922	114.193	D	VLT	3	0	j1 j2 c1 e1 e2 h1 h2 h3 l1 l2 k1 k2
J010821+062327	1.96	1.1827	1.42	9.5	13.120689768453488	-4.888663099977128	108.692	D	VLT	3	0	a2 b1 b2 j4 j6 j7 j8
J011143-350300	2.41	0.8221	7.02	10.5	13.861908238045729	1.2593770739863066	71.7395	D	VLT	3	0	a2 b1 b2 j4 j6 j7 j8
J011143-350300	2.41	1.3499	0.84	3.78	9.807695957767043	1.2593770739863066	71.7395	D	VLT	3	0	b1 b2 j4 j5 j6 j7 j8
J012417-374423	2.2	0.8593	-6.77	25.16	26.738139426669164	1.4657131714809981	70.4512	D	VLT	3	0	a2 b1 b2 j5 j6 j7 j8
J012417-374423	2.2	1.2433	18.38	12.21	15.198243319541902	1.4657131714809981	70.4512	D	VLT	3	0	a2 b1 b2 j4 j5 j6 h2 k2 k3
J012417-374423	2.2	1.8566	2.36	14.45	17.05007331362537	1.4657131714809981	70.4512	D	VLT	3	0	j3 j4 j5 j6 d1 d2 e2 h1 k1 k2 k3
J012417-374423	2.2	1.9102	-38.72	31.11	32.39960802232027	1.4657131714809981	70.4512	D	VLT	3	0	j4 j8 c1 d1 d2 e1
J013105-213446	1.9	0.34	-67.48	39.14	40.17265363403319	-1.0587671441248088	85.7359	D	VLT	3	0	b1 b2 j7 j8
J014333-391700	1.807	0.7693	26.47	42.88	43.82461522934343	1.4321884390314712	70.6612	D	VLT	3	0	b1 b2 j6
J014333-391700	1.807	1.7101	-14.65	23.57	25.24772068920282	1.4321884390314712	70.6612	D	VLT	3	0	b1 j4 j6 j8 c1 d1 d2 e1
J015733-004824	1.546	1.9328	21.84	24.54	26.1555749315514	-4.676010364538375	107.371	D	VLT	3	0	j7 e1
J024008-230915	2.2230000000000003	1.1846	-15.13	27.54	28.988861654090524	-1.78209928200791	90.0124	D	VLT	3	0	a2 b1 b2 j6 j8
J024008-230915	2.2230000000000003	1.6359	10.0	11.1	14.321749194843486	-1.78209928200791	90.0124	D	VLT	3	0	a2 b1 b2 j1 j4 j7 j8 d1 d2 e1
J024008-230915	2.2230000000000003	1.6373	-1.87	10.2	13.63607348176153	-1.78209928200791	90.0124	D	VLT	3	0	a2 b1 b2 j1 j4 j7 j8
J024008-230915	2.2230000000000003	1.6574	-1.37	10.1	13.561434289926712	-1.78209928200791	90.0124	D	VLT	3	0	b1 b2 j4 j6 c1 e1
J033106-382404	2.423	0.7627	4.4	9.88	13.398391694528117	0.1981426388719308	78.233	D	VLT	3	0	a2 b1 b2 j5 j6 j7 j8
J033106-382404	2.423	0.9709	-44.85	42.16	43.1203907681737	0.1981426388719308	78.233	D	VLT	3	0	b1 b2 j8
J033106-382404	2.423	1.4380000000000002	-43.23	25.71	27.256313030195408	0.1981426388719308	78.233	D	VLT	3	0	b1 b2 j4 j8
J033108-252443	2.685	0.9925	5.13	12.32	15.286755705511881	-1.9335797642907016	90.9072	D	VLT	3	0	b1 b2 j4 j8
J033108-252443	2.685	2.4547	-21.22	54.96	55.700126570771815	-1.9335797642907016	90.9072	D	VLT	3	0	j1 e1
J033244-445557	2.6	2.4112	-10.0	7.93	12.03276360608817	1.227735483959365	71.9362	D	VLT	3	0	j1 j4 j6 j7 c1 e1 e2
J033244-445557	2.6	2.6563	10.79	16.89	19.161800541702757	1.227735483959365	71.9362	D	VLT	3	0	j1 j4 j5 j6 c1 e1
J040718-441013	3.0	2.4126	24.2	22.2	23.973787769144867	0.9176123704903966	73.8529	D	VLT	3	0	j5 j6 j8 c1 d1 d2
J040718-441013	3.0	2.5499	8.95	3.53	9.714082560900954	0.9176123704903966	73.8529	D	VLT	3	0	j1 j4 j6 c1 e1 e2 k1 k2
J040718-441013	3.0	2.5948	5.74	3.45	9.685298136867033	0.9176123704903966	73.8529	D	VLT	3	0	j1 j2 j5 j6 c1 d1 d2 e1 e2 h1 h2 h3 l2 k1 k2
J040718-441013	3.0	2.6214	42.64	27.44	28.893876513891314	0.9176123704903966	73.8529	D	VLT	3	0	j1 c1 e1
J042707-130253	2.1590000000000003	1.4080000000000001	-25.51	11.1	14.321749194843486	-4.333362750740003	105.262	D	VLT	3	0	b1 b2 j1 j4 j5 j6 j7 j8 c1
J042707-130253	2.1590000000000003	1.5632	-29.67	24.49	26.108669058379824	-4.333362750740003	105.262	D	VLT	3	0	j4 j6 j8 c1 e1
J042707-130253	2.1590000000000003	2.0351	80.57	38.3	39.35470111689326	-4.333362750740003	105.262	D	VLT	3	0	j1 c1 e2
J043037-485523	1.94	1.3556	-4.05	2.32	9.342638813525866	1.591150041955319	69.663	D	VLT	3	0	a2 j1 j2 j3 j4 j5 j6 j7 j8 c1 e1 e2 h1 h3 k1 k2 k3 i1 i2 i3
J044017-433308	2.863	1.4335	1.39	25.0	26.587638104953964	0.7032903506356263	75.1666	D	VLT	3	0	b1 b2 j4 j7 j8
J044017-433308	2.863	2.0482	14.0	8.64	12.512078164717483	0.7032903506356263	75.1666	D	VLT	3	0	j1 j2 j4 c1 e2 h1 h2 h3 l2 k1 k2 k3 i2 i3
J051707-441055	1.71	0.2223	12.62	37.03	38.11985571850974	0.7603105081169259	74.8179	D	VLT	3	0	a2 b1 b2 j8
J051707-441055	1.71	0.4291	-31.53	15.02	17.535760605117762	0.7603105081169259	74.8179	D	VLT	3	0	a2 b1 j4 j6 j7 j8
J053007-250329	2.813	2.1412	6.76	3.59	9.736046425526125	-2.4408799777222514	93.9067	D	VLT	3	0	b1 b2 j1 j2 j5 c1 h1 k1 k2 k3
J055246-363727	2.3169999999999997	1.2252	2.69	8.95	12.728118478392632	-0.44972254440723053	82.1175	D	VLT	3	0	a2 b1 b2 j4 j5 j6 j7 c1 e1
J055246-363727	2.3169999999999997	1.7475	-9.36	11.55	14.673275026387259	-0.44972254440723053	82.1175	D	VLT	3	0	a2 j1 j4 j5 j6 j7 j8 e1
J055246-363727	2.3169999999999997	1.9565	17.4	15.3	17.776177879398038	-0.44972254440723053	82.1175	D	VLT	3	0	j1 j4 j6 c1 d1 d2 e1
J064326-504112	3.09	2.6592	-15.3	19.2	21.22598643173033	2.009063386095506	67.0066	D	VLT	3	0	j4 j5 j6 c1 d1 d2 e2 l1 k1 k2
J091613+070224	2.7739999999999996	1.3324	82.33	59.15	59.838323840161166	-5.184780565924038	110.549	D	VLT	3	0	a2 b1 b2 j4 j6 j7 j8
J094253-110426	3.054	1.0595	3.72	7.37	11.671306696338675	-2.0113392583543868	91.3666	D	VLT	3	0	a2 b1 j4 j7 j8
J094253-110426	3.054	1.7891	-23.3	4.95	10.315279928339319	-2.0113392583543868	91.3666	D	VLT	3	0	b1 b2 j4 j5 j6
J103909-231326	3.13	1.4429	-19.8	27.2	28.666051349985402	0.8362993396488998	74.3523	D	VLT	3	0	b1 j7 j8
J103909-231326	3.13	2.7778	-11.3	6.6	11.20100441924741	0.8362993396488998	74.3523	D	VLT	3	0	j1 j2 j4 c1 h1 h2 h3 l2 k1 k2 k3
J103921-271916	2.23	0.8771	21.59	20.71	22.601030949936778	1.412612388684015	70.7837	D	VLT	3	0	a2 b2 j6 j8
J103921-271916	2.23	1.0093	-6.43	32.8	34.02561535079123	1.412612388684015	70.7837	D	VLT	3	0	b1 b2 j8
J103921-271916	2.23	1.9721	29.8	8.47	12.395297495421401	1.412612388684015	70.7837	D	VLT	3	0	j4 j5 j6 j7 c1 e1
J104032-272749	2.32	1.3861	4.46	6.93	11.398570085760758	1.4534896539766105	70.5278	D	VLT	3	0	a2 b1 b2 j3 j5 j6 j7 j8 e1 h1 h3 k1 k2 k3 i1 i2 g4 g5
J104032-272749	2.32	1.7761	2.62	13.2	16.004452505474845	1.4534896539766105	70.5278	D	VLT	3	0	b1 b2 j1 j4 j5 j6 c1 e1
J110325-264515	2.145	1.1868	-7.45	9.25	12.940826866935515	1.7720846374955121	68.5189	D	VLT	3	0	a2 b1 b2 j4 j5 j6 j7 j8
J110325-264515	2.145	1.2029	6.23	8.3	12.27975976963719	1.7720846374955121	68.5189	D	VLT	3	0	b1 b2 j4 j6 j7 j8
J110325-264515	2.145	1.5515	-6.69	9.98	13.472301213972319	1.7720846374955121	68.5189	D	VLT	3	0	b1 b2 j4 j6 j8 c1 e1
J110325-264515	2.145	1.8389	6.12	3.95	9.874462010661645	1.7720846374955121	68.5189	D	VLT	3	0	a2 j1 j4 j5 e1
J111113-080401	3.9219999999999997	3.6077	229.62	161.34	161.59362023297825	-0.7272562138649694	83.7694	D	VLT	3	0	j1 e1
J112010-134625	3.958	1.6283	8.86	11.3	14.477309832976568	0.28305331987950655	77.7202	D	VLT	3	0	b2 j4 j5 j6
J112442-170517	2.4	0.8062	17.38	13.73	16.444312086554426	0.8442864850901054	74.3033	D	VLT	3	0	b1 b2 j4 j5 j6 j7 j8
J112442-170517	2.4	1.2342	22.71	15.71	18.130267510436795	0.8442864850901054	74.3033	D	VLT	3	0	a2 b1 b2 j4 j6 j8 d1 d2
J115411+063426	2.762	1.7739	-7.39	7.84	11.973641885408133	-2.016755183049202	91.3986	D	VLT	3	0	j4 j5 j6 e2 h1 h2 h3 l1 l2 k1 k2 k3 i1 i3
J115411+063426	2.762	1.8197	-9.48	9.74	13.295491717119756	-2.016755183049202	91.3986	D	VLT	3	0	b1 b2 j1 j6 j7 j8 c1
J115411+063426	2.762	2.366	30.9	17.8	19.96853775317562	-2.016755183049202	91.3986	D	VLT	3	0	j1 j7 j8 c1 e1
J115944+011206	2.0	0.7908	15.61	10.8	14.090510991443853	-1.106503492698893	86.0186	D	VLT	3	0	b1 b2 j4 j6 j8
J115944+011206	2.0	1.3305	21.37	22.49	24.242578245722957	-1.106503492698893	86.0186	D	VLT	3	0	b1 b2 j4 j6 j7 j8 c1
J115944+011206	2.0	1.9438	5.18	4.42	10.071688041237179	-1.106503492698893	86.0186	D	VLT	3	0	a2 j1 j2 j3 j5 e1 e2 h1 h3 k1 k2 k3 i1
J120342+102831	1.8880000000000001	1.3224	-9.65	19.3	21.31648423169262	-2.406453327019878	93.7029	D	VLT	3	0	a2 b1 b2 j4 j6 j7 j8 c1 e1
J120342+102831	1.8880000000000001	1.3422	-20.06	14.43	17.033126547994648	-2.406453327019878	93.7029	D	VLT	3	0	a2 b1 b2 j1 j6 j7 j8 e1
J120342+102831	1.8880000000000001	1.5789	17.43	27.16	28.628099832157915	-2.406453327019878	93.7029	D	VLT	3	0	a2 j4 j6 j7 j8 e1
J121140+103002	2.193	1.0496	-15.38	6.72	11.272129346312523	-2.253250934263197	92.7965	D	VLT	3	0	a2 b1 b2 j4 j5 j6 j7 j8
J123200-022404	1.043	0.7569	22.53	32.19	33.43798139840382	0.06629353424787779	79.0274	D	VLT	3	0	a2 b1 b2 j4 j6
J123200-022404	1.043	0.8308	16.72	9.11	12.841129233832982	0.06629353424787779	79.0274	D	VLT	3	0	a2 b1 b2 j4 j6 j7 j8
J123437+075843	2.5669999999999997	1.0201	-22.13	14.42	17.024655649968373	-1.429530059277241	87.9294	D	VLT	3	0	a2 j4 j6 j7 j8
J123437+075843	2.5669999999999997	1.7194	4.85	9.43	13.070095638517722	-1.429530059277241	87.9294	D	VLT	3	0	j1 j4 j5 j6 d1 d2 e2
J133335+164903	2.084	0.7446	-8.28	5.42	10.54888145729205	-1.7241323195264342	89.67	D	VLT	3	0	a2 b1 b2 j4 j5 j6 j7
J133335+164903	2.084	1.3253	49.62	106.07	106.45537750625846	-1.7241323195264342	89.67	D	VLT	3	0	a2 b1 j6 j8 c1
J133335+164903	2.084	1.7765	8.43	4.48	10.098163199315014	-1.7241323195264342	89.67	D	VLT	3	0	b1 b2 j1 j5 j6 c1 e1 e2 h1 h2 l2 k1 k2 k3 i1
J133335+164903	2.084	1.7863	-4.89	8.6	12.484490378065098	-1.7241323195264342	89.67	D	VLT	3	0	a2 b1 j6 c1 d1 d2 e1 e2
J134427-103541	2.134	1.9155	0.15	7.44	11.715634852623225	2.5366912153915213	63.5754	D	VLT	3	0	j1 j4 j5 j6 j7 j8 e1 e2
J134427-103541	2.134	2.1474	64.48	88.31	88.7725103846906	2.5366912153915213	63.5754	D	VLT	3	0	b1 b2 c1
J135038-251216	2.5340000000000003	1.4393	-9.87	5.68	10.68479761156008	4.461677399305177	49.9488	D	VLT	3	0	a1 b1 b2 j1 j3 j8 d1 d2 h2 h3 l1 l2 k2 k3 i1 i2 i3
J135038-251216	2.5340000000000003	1.7529	63.96	32.58	33.81359046300762	4.461677399305177	49.9488	D	VLT	3	0	b2 j6 j8 c1 d1 d2
J141217+091624	2.8560000000000003	1.4187	-29.19	17.71	19.888353375782522	0.051831845617603144	79.1144	D	VLT	3	0	b2 j4 j5 j7 j8
J141217+091624	2.8560000000000003	2.0188	8.49	7.55	11.78579653650953	0.051831845617603144	79.1144	D	VLT	3	0	j1 j3 j4 c1 d1 d2 e2 h1 h2 h3 k1 k2 k3
J141217+091624	2.8560000000000003	2.4564	-9.03	13.9	16.58651560756508	0.051831845617603144	79.1144	D	VLT	3	0	j1 j4 j7 e1
J141217+091624	2.8560000000000003	2.6682	1.99	8.49	12.408972560208198	0.051831845617603144	79.1144	D	VLT	3	0	j1 j5 j6 c1 e1
J143040+014939	2.113	0.4878	35.8	21.7	23.51153971989074	1.4515582558893834	70.5399	D	VLT	3	0	a2 b2 j7 j8 i2 i3
J143040+014939	2.113	1.203	-8.12	32.9	34.122023679729196	1.4515582558893834	70.5399	D	VLT	3	0	b1 b2 j7 j8
J143040+014939	2.113	1.2411	-26.6	12.0	15.030053226785327	1.4515582558893834	70.5399	D	VLT	3	0	a2 b1 b2 j7 j8 e2 h1 h2 h3 l2 k2 k3 i1 i2 i3
J144653+011356	2.206	0.5097	-5.67	11.42	14.571166734342176	1.7535665479237368	68.6364	D	VLT	3	0	b1 b2 j4 j8
J144653+011356	2.206	0.6602	-0.73	18.31	20.42446082519683	1.7535665479237368	68.6364	D	VLT	3	0	a2 b1 b2 j6 j7 j8
J144653+011356	2.206	1.102	13.95	40.3	41.30366206524549	1.7535665479237368	68.6364	D	VLT	3	0	b1 b2 j6 j8
J144653+011356	2.206	1.1292	22.78	27.6	29.045868897314815	1.7535665479237368	68.6364	D	VLT	3	0	a2 b2 j4 j6 j8
J144653+011356	2.206	1.1595	-25.57	12.05	15.070003317849668	1.7535665479237368	68.6364	D	VLT	3	0	a2 b1 b2 j4 j5 j6 j7
J145102-232930	2.215	1.5855	-45.0	24.56	26.17434048834851	5.057870335953936	45.1757	D	VLT	3	0	j6 j8 c1 d1 d2 e1
J200324-325144	3.773	2.0329	24.4	12.0	15.030053226785327	5.788798684666605	38.713	D	VLT	3	0	a2 b1 b2 j6 j7 j8
J200324-325144	3.773	3.1878	34.11	11.53	14.65753731020324	5.788798684666605	38.713	D	VLT	3	0	j1 j4 c1 e1 e2
J200324-325144	3.773	3.1917	22.38	42.17	43.13016809612502	5.788798684666605	38.713	D	VLT	3	0	j1 e1
J212912-153841	3.2680000000000002	1.7380000000000002	13.1	6.36	11.061288351724677	2.577774170751711	63.3041	D	VLT	3	0	a2 j4 j5 j6 j7 j8 e1
J212912-153841	3.2680000000000002	2.0225	-16.28	12.44	15.38363091080906	2.577774170751711	63.3041	D	VLT	3	0	b2 j4 j7 j8 e1
J212912-153841	3.2680000000000002	2.6378	13.2	33.3	34.507861423159795	2.577774170751711	63.3041	D	VLT	3	0	c1 e1 e2 k1 k2 k3
J212912-153841	3.2680000000000002	2.7686	-2.06	10.9	14.167303907236551	2.577774170751711	63.3041	D	VLT	3	0	j1 e1 e2
J213314-464030	2.204	1.6148	43.2	15.68	18.104278499846384	5.815912977059902	38.4562	D	VLT	3	0	j1 j4 j5 j6 c1 e1
J214159-441325	3.17	2.1329	-4.7	22.22	23.99230918440324	5.508066538523899	41.2928	D	VLT	3	0	b1 b2 j4 j6 e1
J214159-441325	3.17	2.3828	11.7	8.58	12.470721711272368	5.508066538523899	41.2928	D	VLT	3	0	j4 j5 j7 j8 c1 h1 h2 l1 l2 k1 k3 i1 i3
J214159-441325	3.17	2.8523	20.89	5.24	10.45753795116231	5.508066538523899	41.2928	D	VLT	3	0	j1 j2 j3 j5 c1 e1 e2 h1 h3 k1 k2 k3
J214225-442018	3.23	0.9865	-0.93	10.5	13.861908238045729	5.511740933936198	41.2599	D	VLT	3	0	b1 b2 j8
J214225-442018	3.23	1.0529	15.0	12.9	15.757934509319425	5.511740933936198	41.2599	D	VLT	3	0	a2 b1 b2 j8
J214225-442018	3.23	1.1543	-62.5	40.0	41.011004620711255	5.511740933936198	41.2599	D	VLT	3	0	a2 b1 b2 j7 j8
J214225-442018	3.23	1.7569	-61.83	43.08	44.020323715302226	5.511740933936198	41.2599	D	VLT	3	0	b1 b2 j4 j6 j8
J214225-442018	3.23	2.1126	11.77	8.58	12.470721711272368	5.511740933936198	41.2599	D	VLT	3	0	a1 a2 b1 b2 j3 j4 j5 j7 j8 e2 h1 h2 h3 l1 l2 k1 k2 k3 i1 i3
J214225-442018	3.23	2.2533	22.2	11.2	14.399392348290258	5.511740933936198	41.2599	D	VLT	3	0	j4 j5 j6 j7 j8 c1 e1 e2
J214225-442018	3.23	2.3798	7.47	15.1	17.604331853268388	5.511740933936198	41.2599	D	VLT	3	0	j1 j4 j5 j6 j7 j8 c1 e1 e2
J220734-403655	3.155	1.6269999999999998	60.91	27.09	28.561698128787793	4.822645172662936	47.1028	D	VLT	3	0	j4 j6 j7 c1
J220852-194359	2.5580000000000003	0.9478	1.51	13.05	15.88096344684415	2.399563480908958	64.4764	D	VLT	3	0	a2 b1 b2 j6 j7 j8
J220852-194359	2.5580000000000003	0.9483	-26.86	20.09	22.034305071864644	2.399563480908958	64.4764	D	VLT	3	0	b1 b2 j6 j7 j8
J220852-194359	2.5580000000000003	1.0172	-5.25	5.46	10.569489107804596	2.399563480908958	64.4764	D	VLT	3	0	a2 b1 j4 j5 j6 j7 j8
J220852-194359	2.5580000000000003	1.0182	-4.12	10.4	13.786315678962238	2.399563480908958	64.4764	D	VLT	3	0	b1 b2 j4 j6 j7 j8
J220852-194359	2.5580000000000003	1.297	-14.35	27.63	29.074377035458557	2.399563480908958	64.4764	D	VLT	3	0	a2 b1 b2 j6 j8
J220852-194359	2.5580000000000003	1.9206	8.57	3.85	9.834886882928549	2.399563480908958	64.4764	D	VLT	3	0	j1 j3 j4 j7 c1 e1 e2 h1 h2 h3 l1 l2 k1 k2 k3 i1
J220852-194359	2.5580000000000003	2.0762	9.42	5.84	10.770705640764676	2.399563480908958	64.4764	D	VLT	3	0	j1 j4 j5 j6 c1 k1 k2 k3
J222006-280323	2.406	0.7866	-5.57	14.79	17.339163762996183	3.2476131150279506	58.781	D	VLT	3	0	b1 b2 j4 j6 j8
J222006-280323	2.406	0.9408	16.91	17.62	19.80825333036712	3.2476131150279506	58.781	D	VLT	3	0	b1 b2 j4 j6 j8
J222006-280323	2.406	0.9424	9.88	12.5	15.432190382444094	3.2476131150279506	58.781	D	VLT	3	0	a2 b1 b2 j4 j6 j7 j8
J222006-280323	2.406	1.5554	9.45	6.04	10.88044576292718	3.2476131150279506	58.781	D	VLT	3	0	b1 j4 j6 j7 j8 c1
J222006-280323	2.406	1.6279	23.0	8.61	12.491381028533235	3.2476131150279506	58.781	D	VLT	3	0	a2 b1 j1 j4 j6 j7 j8 c1
J222756-224302	1.891	1.4129	-16.49	17.85	20.013120696183293	2.4364213807961703	64.2349	D	VLT	3	0	b1 b2 j4 j5 j6 j7 j8 c1 d1 d2 e1 e2
J222756-224302	1.891	1.4334	-45.07	29.35	30.713596337778487	2.4364213807961703	64.2349	D	VLT	3	0	b1 b2 j4 j8 c1 d1 d2 e1
J222756-224302	1.891	1.4518	10.24	15.86	18.260397038399795	2.4364213807961703	64.2349	D	VLT	3	0	b1 j4 j6 j7 j8 c1 e1
J222756-224302	1.891	1.6398	-14.84	29.57	30.923896908378154	2.4364213807961703	64.2349	D	VLT	3	0	a2 b1 b2 j4 j5 j7 j8 c1 d1 d2 e1
J233446-090812	3.3169999999999997	2.1522	5.25	4.37	10.049845769960852	-0.7722195987825358	84.0365	D	VLT	3	0	a1 b1 b2 j1 j3 j4 j5 j6 d1 d2 h1 h2 h3 l1 l2 k1 k2 k3 i1
J233446-090812	3.3169999999999997	2.2015	-0.58	54.94	55.68039241959417	-0.7722195987825358	84.0365	D	VLT	3	0	j4 c1 e2
J233446-090812	3.3169999999999997	2.2875	7.58	3.76	9.80000510203949	-0.7722195987825358	84.0365	D	VLT	3	0	j1 j4 j5 j8 e2 h1 h3 k2 k3 i2 i3
J234625+124743	2.5780000000000003	2.1733	41.6	75.17	75.71282189959638	-4.226055742743183	104.606	D	VLT	3	0	j1 c1 e1
J234625+124743	2.5780000000000003	2.5718	-172.74	67.99	68.58966831819498	-4.226055742743183	104.606	D	VLT	3	0	j1 e1 e2
J234628+124858	2.515	1.1084	-15.36	25.27	26.84167282417398	-4.229987345535298	104.63	D	VLT	3	0	b2 j4 j8
J234628+124858	2.515	1.5899	30.51	22.68	24.418945513678512	-4.229987345535298	104.63	D	VLT	3	0	j6 j7 e1
J234628+124858	2.515	2.1713	-7.94	9.51	13.127932053450003	-4.229987345535298	104.63	D	VLT	3	0	b2 j1 j4 j6 c1 d1 d2
J235034-432559	2.885	1.7962	9.42	33.57	34.768482854447356	3.5690443801998564	56.5336	D	VLT	3	0	b1 j6 d1 d2 e1
